Year,GP,Track_Type,Track_DNA,Driver,Team,Grid_Pos,Final_Pos,Points,Status,TrackTemp,Rain
2024,Sakhir,Permanent,Traction & Braking / Rough Asphalt,Max Verstappen,Red Bull Racing,1.0,1.0,26.0,Finished,23.652866242038222,0
2024,Sakhir,Permanent,Traction & Braking / Rough Asphalt,Sergio Perez,Red Bull Racing,5.0,2.0,18.0,Finished,23.652866242038222,0
2024,Sakhir,Permanent,Traction & Braking / Rough Asphalt,Carlos Sainz,Ferrari,4.0,3.0,15.0,Finished,23.652866242038222,0
2024,Sakhir,Permanent,Traction & Braking / Rough Asphalt,Charles Leclerc,Ferrari,2.0,4.0,12.0,Finished,23.652866242038222,0
2024,Sakhir,Permanent,Traction & Braking / Rough Asphalt,George Russell,Mercedes,3.0,5.0,10.0,Finished,23.652866242038222,0
2024,Sakhir,Permanent,Traction & Braking / Rough Asphalt,Lando Norris,McLaren,7.0,6.0,8.0,Finished,23.652866242038222,0
2024,Sakhir,Permanent,Traction & Braking / Rough Asphalt,Lewis Hamilton,Mercedes,9.0,7.0,6.0,Finished,23.652866242038222,0
2024,Sakhir,Permanent,Traction & Braking / Rough Asphalt,Oscar Piastri,McLaren,8.0,8.0,4.0,Finished,23.652866242038222,0
2024,Sakhir,Permanent,Traction & Braking / Rough Asphalt,Fernando Alonso,Aston Martin,6.0,9.0,2.0,Finished,23.652866242038222,0
2024,Sakhir,Permanent,Traction & Braking / Rough Asphalt,Lance Stroll,Aston Martin,12.0,10.0,1.0,Finished,23.652866242038222,0
2024,Sakhir,Permanent,Traction & Braking / Rough Asphalt,Guanyu Zhou,Kick Sauber,17.0,11.0,0.0,Lapped,23.652866242038222,0
2024,Sakhir,Permanent,Traction & Braking / Rough Asphalt,Kevin Magnussen,Haas,15.0,12.0,0.0,Lapped,23.652866242038222,0
2024,Sakhir,Permanent,Traction & Braking / Rough Asphalt,Daniel Ricciardo,Racing Bulls,14.0,13.0,0.0,Lapped,23.652866242038222,0
2024,Sakhir,Permanent,Traction & Braking / Rough Asphalt,Yuki Tsunoda,Racing Bulls,11.0,14.0,0.0,Lapped,23.652866242038222,0
2024,Sakhir,Permanent,Traction & Braking / Rough Asphalt,Alexander Albon,Williams,13.0,15.0,0.0,Lapped,23.652866242038222,0
2024,Sakhir,Permanent,Traction & Braking / Rough Asphalt,Nico Hulkenberg,Haas,10.0,16.0,0.0,Lapped,23.652866242038222,0
2024,Sakhir,Permanent,Traction & Braking / Rough Asphalt,Esteban Ocon,Alpine,19.0,17.0,0.0,Lapped,23.652866242038222,0
2024,Sakhir,Permanent,Traction & Braking / Rough Asphalt,Pierre Gasly,Alpine,20.0,18.0,0.0,Lapped,23.652866242038222,0
2024,Sakhir,Permanent,Traction & Braking / Rough Asphalt,Valtteri Bottas,Kick Sauber,16.0,19.0,0.0,Lapped,23.652866242038222,0
2024,Sakhir,Permanent,Traction & Braking / Rough Asphalt,Logan Sargeant,Williams,18.0,20.0,0.0,Lapped,23.652866242038222,0
2024,Jeddah,Street,Ultra-High-Speed / Flowing,Max Verstappen,Red Bull Racing,1.0,1.0,25.0,Finished,31.59315068493151,0
2024,Jeddah,Street,Ultra-High-Speed / Flowing,Sergio Perez,Red Bull Racing,3.0,2.0,18.0,Finished,31.59315068493151,0
2024,Jeddah,Street,Ultra-High-Speed / Flowing,Charles Leclerc,Ferrari,2.0,3.0,16.0,Finished,31.59315068493151,0
2024,Jeddah,Street,Ultra-High-Speed / Flowing,Oscar Piastri,McLaren,5.0,4.0,12.0,Finished,31.59315068493151,0
2024,Jeddah,Street,Ultra-High-Speed / Flowing,Fernando Alonso,Aston Martin,4.0,5.0,10.0,Finished,31.59315068493151,0
2024,Jeddah,Street,Ultra-High-Speed / Flowing,George Russell,Mercedes,7.0,6.0,8.0,Finished,31.59315068493151,0
2024,Jeddah,Street,Ultra-High-Speed / Flowing,Oliver Bearman,Ferrari,11.0,7.0,6.0,Finished,31.59315068493151,0
2024,Jeddah,Street,Ultra-High-Speed / Flowing,Lando Norris,McLaren,6.0,8.0,4.0,Finished,31.59315068493151,0
2024,Jeddah,Street,Ultra-High-Speed / Flowing,Lewis Hamilton,Mercedes,8.0,9.0,2.0,Finished,31.59315068493151,0
2024,Jeddah,Street,Ultra-High-Speed / Flowing,Nico Hulkenberg,Haas,15.0,10.0,1.0,Finished,31.59315068493151,0
2024,Jeddah,Street,Ultra-High-Speed / Flowing,Alexander Albon,Williams,12.0,11.0,0.0,Finished,31.59315068493151,0
2024,Jeddah,Street,Ultra-High-Speed / Flowing,Kevin Magnussen,Haas,13.0,12.0,0.0,Finished,31.59315068493151,0
2024,Jeddah,Street,Ultra-High-Speed / Flowing,Esteban Ocon,Alpine,17.0,13.0,0.0,Lapped,31.59315068493151,0
2024,Jeddah,Street,Ultra-High-Speed / Flowing,Logan Sargeant,Williams,19.0,14.0,0.0,Lapped,31.59315068493151,0
2024,Jeddah,Street,Ultra-High-Speed / Flowing,Yuki Tsunoda,Racing Bulls,9.0,15.0,0.0,Lapped,31.59315068493151,0
2024,Jeddah,Street,Ultra-High-Speed / Flowing,Daniel Ricciardo,Racing Bulls,14.0,16.0,0.0,Lapped,31.59315068493151,0
2024,Jeddah,Street,Ultra-High-Speed / Flowing,Valtteri Bottas,Kick Sauber,16.0,17.0,0.0,Lapped,31.59315068493151,0
2024,Jeddah,Street,Ultra-High-Speed / Flowing,Guanyu Zhou,Kick Sauber,20.0,18.0,0.0,Lapped,31.59315068493151,0
2024,Jeddah,Street,Ultra-High-Speed / Flowing,Lance Stroll,Aston Martin,10.0,19.0,0.0,Retired,31.59315068493151,0
2024,Jeddah,Street,Ultra-High-Speed / Flowing,Pierre Gasly,Alpine,18.0,20.0,0.0,Retired,31.59315068493151,0
2024,Albert Park,Street/Hybrid,Medium-Speed / Flowing,Carlos Sainz,Ferrari,2.0,1.0,25.0,Finished,38.40208333333333,0
2024,Albert Park,Street/Hybrid,Medium-Speed / Flowing,Charles Leclerc,Ferrari,4.0,2.0,19.0,Finished,38.40208333333333,0
2024,Albert Park,Street/Hybrid,Medium-Speed / Flowing,Lando Norris,McLaren,3.0,3.0,15.0,Finished,38.40208333333333,0
2024,Albert Park,Street/Hybrid,Medium-Speed / Flowing,Oscar Piastri,McLaren,5.0,4.0,12.0,Finished,38.40208333333333,0
2024,Albert Park,Street/Hybrid,Medium-Speed / Flowing,Sergio Perez,Red Bull Racing,6.0,5.0,10.0,Finished,38.40208333333333,0
2024,Albert Park,Street/Hybrid,Medium-Speed / Flowing,Lance Stroll,Aston Martin,9.0,6.0,8.0,Finished,38.40208333333333,0
2024,Albert Park,Street/Hybrid,Medium-Speed / Flowing,Yuki Tsunoda,Racing Bulls,8.0,7.0,6.0,Finished,38.40208333333333,0
2024,Albert Park,Street/Hybrid,Medium-Speed / Flowing,Fernando Alonso,Aston Martin,10.0,8.0,4.0,Finished,38.40208333333333,0
2024,Albert Park,Street/Hybrid,Medium-Speed / Flowing,Nico Hulkenberg,Haas,16.0,9.0,2.0,Finished,38.40208333333333,0
2024,Albert Park,Street/Hybrid,Medium-Speed / Flowing,Kevin Magnussen,Haas,14.0,10.0,1.0,Lapped,38.40208333333333,0
2024,Albert Park,Street/Hybrid,Medium-Speed / Flowing,Alexander Albon,Williams,12.0,11.0,0.0,Lapped,38.40208333333333,0
2024,Albert Park,Street/Hybrid,Medium-Speed / Flowing,Daniel Ricciardo,Racing Bulls,18.0,12.0,0.0,Lapped,38.40208333333333,0
2024,Albert Park,Street/Hybrid,Medium-Speed / Flowing,Pierre Gasly,Alpine,17.0,13.0,0.0,Lapped,38.40208333333333,0
2024,Albert Park,Street/Hybrid,Medium-Speed / Flowing,Valtteri Bottas,Kick Sauber,13.0,14.0,0.0,Lapped,38.40208333333333,0
2024,Albert Park,Street/Hybrid,Medium-Speed / Flowing,Guanyu Zhou,Kick Sauber,19.0,15.0,0.0,Lapped,38.40208333333333,0
2024,Albert Park,Street/Hybrid,Medium-Speed / Flowing,Esteban Ocon,Alpine,15.0,16.0,0.0,Lapped,38.40208333333333,0
2024,Albert Park,Street/Hybrid,Medium-Speed / Flowing,George Russell,Mercedes,7.0,17.0,0.0,Retired,38.40208333333333,0
2024,Albert Park,Street/Hybrid,Medium-Speed / Flowing,Lewis Hamilton,Mercedes,11.0,18.0,0.0,Retired,38.40208333333333,0
2024,Albert Park,Street/Hybrid,Medium-Speed / Flowing,Max Verstappen,Red Bull Racing,1.0,19.0,0.0,Retired,38.40208333333333,0
2024,Suzuka,Permanent,High-Speed-Flowing / Technical,Max Verstappen,Red Bull Racing,1.0,1.0,26.0,Finished,37.50110497237569,0
2024,Suzuka,Permanent,High-Speed-Flowing / Technical,Sergio Perez,Red Bull Racing,2.0,2.0,18.0,Finished,37.50110497237569,0
2024,Suzuka,Permanent,High-Speed-Flowing / Technical,Carlos Sainz,Ferrari,4.0,3.0,15.0,Finished,37.50110497237569,0
2024,Suzuka,Permanent,High-Speed-Flowing / Technical,Charles Leclerc,Ferrari,8.0,4.0,12.0,Finished,37.50110497237569,0
2024,Suzuka,Permanent,High-Speed-Flowing / Technical,Lando Norris,McLaren,3.0,5.0,10.0,Finished,37.50110497237569,0
2024,Suzuka,Permanent,High-Speed-Flowing / Technical,Fernando Alonso,Aston Martin,5.0,6.0,8.0,Finished,37.50110497237569,0
2024,Suzuka,Permanent,High-Speed-Flowing / Technical,George Russell,Mercedes,9.0,7.0,6.0,Finished,37.50110497237569,0
2024,Suzuka,Permanent,High-Speed-Flowing / Technical,Oscar Piastri,McLaren,6.0,8.0,4.0,Finished,37.50110497237569,0
2024,Suzuka,Permanent,High-Speed-Flowing / Technical,Lewis Hamilton,Mercedes,7.0,9.0,2.0,Finished,37.50110497237569,0
2024,Suzuka,Permanent,High-Speed-Flowing / Technical,Yuki Tsunoda,Racing Bulls,10.0,10.0,1.0,Lapped,37.50110497237569,0
2024,Suzuka,Permanent,High-Speed-Flowing / Technical,Nico Hulkenberg,Haas,12.0,11.0,0.0,Lapped,37.50110497237569,0
2024,Suzuka,Permanent,High-Speed-Flowing / Technical,Lance Stroll,Aston Martin,16.0,12.0,0.0,Lapped,37.50110497237569,0
2024,Suzuka,Permanent,High-Speed-Flowing / Technical,Kevin Magnussen,Haas,18.0,13.0,0.0,Lapped,37.50110497237569,0
2024,Suzuka,Permanent,High-Speed-Flowing / Technical,Valtteri Bottas,Kick Sauber,13.0,14.0,0.0,Lapped,37.50110497237569,0
2024,Suzuka,Permanent,High-Speed-Flowing / Technical,Esteban Ocon,Alpine,15.0,15.0,0.0,Lapped,37.50110497237569,0
2024,Suzuka,Permanent,High-Speed-Flowing / Technical,Pierre Gasly,Alpine,17.0,16.0,0.0,Lapped,37.50110497237569,0
2024,Suzuka,Permanent,High-Speed-Flowing / Technical,Logan Sargeant,Williams,19.0,17.0,0.0,Lapped,37.50110497237569,0
2024,Suzuka,Permanent,High-Speed-Flowing / Technical,Guanyu Zhou,Kick Sauber,20.0,18.0,0.0,Retired,37.50110497237569,0
2024,Suzuka,Permanent,High-Speed-Flowing / Technical,Daniel Ricciardo,Racing Bulls,11.0,19.0,0.0,Retired,37.50110497237569,0
2024,Suzuka,Permanent,High-Speed-Flowing / Technical,Alexander Albon,Williams,14.0,20.0,0.0,Retired,37.50110497237569,0
2024,Shanghai,Permanent,Front-Limited / Technical,Max Verstappen,Red Bull Racing,1.0,1.0,25.0,Finished,29.792727272727273,0
2024,Shanghai,Permanent,Front-Limited / Technical,Lando Norris,McLaren,4.0,2.0,18.0,Finished,29.792727272727273,0
2024,Shanghai,Permanent,Front-Limited / Technical,Sergio Perez,Red Bull Racing,2.0,3.0,15.0,Finished,29.792727272727273,0
2024,Shanghai,Permanent,Front-Limited / Technical,Charles Leclerc,Ferrari,6.0,4.0,12.0,Finished,29.792727272727273,0
2024,Shanghai,Permanent,Front-Limited / Technical,Carlos Sainz,Ferrari,7.0,5.0,10.0,Finished,29.792727272727273,0
2024,Shanghai,Permanent,Front-Limited / Technical,George Russell,Mercedes,8.0,6.0,8.0,Finished,29.792727272727273,0
2024,Shanghai,Permanent,Front-Limited / Technical,Fernando Alonso,Aston Martin,3.0,7.0,7.0,Finished,29.792727272727273,0
2024,Shanghai,Permanent,Front-Limited / Technical,Oscar Piastri,McLaren,5.0,8.0,4.0,Finished,29.792727272727273,0
2024,Shanghai,Permanent,Front-Limited / Technical,Lewis Hamilton,Mercedes,18.0,9.0,2.0,Finished,29.792727272727273,0
2024,Shanghai,Permanent,Front-Limited / Technical,Nico Hulkenberg,Haas,9.0,10.0,1.0,Finished,29.792727272727273,0
2024,Shanghai,Permanent,Front-Limited / Technical,Esteban Ocon,Alpine,13.0,11.0,0.0,Finished,29.792727272727273,0
2024,Shanghai,Permanent,Front-Limited / Technical,Alexander Albon,Williams,14.0,12.0,0.0,Finished,29.792727272727273,0
2024,Shanghai,Permanent,Front-Limited / Technical,Pierre Gasly,Alpine,15.0,13.0,0.0,Finished,29.792727272727273,0
2024,Shanghai,Permanent,Front-Limited / Technical,Guanyu Zhou,Kick Sauber,16.0,14.0,0.0,Finished,29.792727272727273,0
2024,Shanghai,Permanent,Front-Limited / Technical,Lance Stroll,Aston Martin,11.0,15.0,0.0,Finished,29.792727272727273,0
2024,Shanghai,Permanent,Front-Limited / Technical,Kevin Magnussen,Haas,17.0,16.0,0.0,Finished,29.792727272727273,0
2024,Shanghai,Permanent,Front-Limited / Technical,Logan Sargeant,Williams,20.0,17.0,0.0,Finished,29.792727272727273,0
2024,Shanghai,Permanent,Front-Limited / Technical,Daniel Ricciardo,Racing Bulls,12.0,18.0,0.0,Retired,29.792727272727273,0
2024,Shanghai,Permanent,Front-Limited / Technical,Yuki Tsunoda,Racing Bulls,19.0,19.0,0.0,Retired,29.792727272727273,0
2024,Shanghai,Permanent,Front-Limited / Technical,Valtteri Bottas,Kick Sauber,10.0,20.0,0.0,Retired,29.792727272727273,0
2024,Miami,Street/Hybrid,Traction / Long Straights,Lando Norris,McLaren,5.0,1.0,25.0,Finished,44.664,0
2024,Miami,Street/Hybrid,Traction / Long Straights,Max Verstappen,Red Bull Racing,1.0,2.0,18.0,Finished,44.664,0
2024,Miami,Street/Hybrid,Traction / Long Straights,Charles Leclerc,Ferrari,2.0,3.0,15.0,Finished,44.664,0
2024,Miami,Street/Hybrid,Traction / Long Straights,Sergio Perez,Red Bull Racing,4.0,4.0,12.0,Finished,44.664,0
2024,Miami,Street/Hybrid,Traction / Long Straights,Carlos Sainz,Ferrari,3.0,5.0,10.0,Finished,44.664,0
2024,Miami,Street/Hybrid,Traction / Long Straights,Lewis Hamilton,Mercedes,8.0,6.0,8.0,Finished,44.664,0
2024,Miami,Street/Hybrid,Traction / Long Straights,Yuki Tsunoda,Racing Bulls,10.0,7.0,6.0,Finished,44.664,0
2024,Miami,Street/Hybrid,Traction / Long Straights,George Russell,Mercedes,7.0,8.0,4.0,Finished,44.664,0
2024,Miami,Street/Hybrid,Traction / Long Straights,Fernando Alonso,Aston Martin,15.0,9.0,2.0,Finished,44.664,0
2024,Miami,Street/Hybrid,Traction / Long Straights,Esteban Ocon,Alpine,13.0,10.0,1.0,Finished,44.664,0
2024,Miami,Street/Hybrid,Traction / Long Straights,Nico Hulkenberg,Haas,9.0,11.0,0.0,Finished,44.664,0
2024,Miami,Street/Hybrid,Traction / Long Straights,Pierre Gasly,Alpine,12.0,12.0,0.0,Finished,44.664,0
2024,Miami,Street/Hybrid,Traction / Long Straights,Oscar Piastri,McLaren,6.0,13.0,0.0,Finished,44.664,0
2024,Miami,Street/Hybrid,Traction / Long Straights,Guanyu Zhou,Kick Sauber,19.0,14.0,0.0,Finished,44.664,0
2024,Miami,Street/Hybrid,Traction / Long Straights,Daniel Ricciardo,Racing Bulls,20.0,15.0,0.0,Finished,44.664,0
2024,Miami,Street/Hybrid,Traction / Long Straights,Valtteri Bottas,Kick Sauber,16.0,16.0,0.0,Finished,44.664,0
2024,Miami,Street/Hybrid,Traction / Long Straights,Lance Stroll,Aston Martin,11.0,17.0,0.0,Finished,44.664,0
2024,Miami,Street/Hybrid,Traction / Long Straights,Alexander Albon,Williams,14.0,18.0,0.0,Finished,44.664,0
2024,Miami,Street/Hybrid,Traction / Long Straights,Kevin Magnussen,Haas,18.0,19.0,0.0,Finished,44.664,0
2024,Miami,Street/Hybrid,Traction / Long Straights,Logan Sargeant,Williams,17.0,20.0,0.0,Retired,44.664,0
2024,Imola,Permanent,Technical / Narrow / High-Kerbs,Max Verstappen,Red Bull Racing,1.0,1.0,25.0,Finished,42.023776223776224,0
2024,Imola,Permanent,Technical / Narrow / High-Kerbs,Lando Norris,McLaren,2.0,2.0,18.0,Finished,42.023776223776224,0
2024,Imola,Permanent,Technical / Narrow / High-Kerbs,Charles Leclerc,Ferrari,3.0,3.0,15.0,Finished,42.023776223776224,0
2024,Imola,Permanent,Technical / Narrow / High-Kerbs,Oscar Piastri,McLaren,5.0,4.0,12.0,Finished,42.023776223776224,0
2024,Imola,Permanent,Technical / Narrow / High-Kerbs,Carlos Sainz,Ferrari,4.0,5.0,10.0,Finished,42.023776223776224,0
2024,Imola,Permanent,Technical / Narrow / High-Kerbs,Lewis Hamilton,Mercedes,8.0,6.0,8.0,Finished,42.023776223776224,0
2024,Imola,Permanent,Technical / Narrow / High-Kerbs,George Russell,Mercedes,6.0,7.0,7.0,Finished,42.023776223776224,0
2024,Imola,Permanent,Technical / Narrow / High-Kerbs,Sergio Perez,Red Bull Racing,11.0,8.0,4.0,Finished,42.023776223776224,0
2024,Imola,Permanent,Technical / Narrow / High-Kerbs,Lance Stroll,Aston Martin,13.0,9.0,2.0,Finished,42.023776223776224,0
2024,Imola,Permanent,Technical / Narrow / High-Kerbs,Yuki Tsunoda,Racing Bulls,7.0,10.0,1.0,Lapped,42.023776223776224,0
2024,Imola,Permanent,Technical / Narrow / High-Kerbs,Nico Hulkenberg,Haas,10.0,11.0,0.0,Lapped,42.023776223776224,0
2024,Imola,Permanent,Technical / Narrow / High-Kerbs,Kevin Magnussen,Haas,18.0,12.0,0.0,Lapped,42.023776223776224,0
2024,Imola,Permanent,Technical / Narrow / High-Kerbs,Daniel Ricciardo,Racing Bulls,9.0,13.0,0.0,Lapped,42.023776223776224,0
2024,Imola,Permanent,Technical / Narrow / High-Kerbs,Esteban Ocon,Alpine,12.0,14.0,0.0,Lapped,42.023776223776224,0
2024,Imola,Permanent,Technical / Narrow / High-Kerbs,Guanyu Zhou,Kick Sauber,17.0,15.0,0.0,Lapped,42.023776223776224,0
2024,Imola,Permanent,Technical / Narrow / High-Kerbs,Pierre Gasly,Alpine,15.0,16.0,0.0,Lapped,42.023776223776224,0
2024,Imola,Permanent,Technical / Narrow / High-Kerbs,Logan Sargeant,Williams,19.0,17.0,0.0,Lapped,42.023776223776224,0
2024,Imola,Permanent,Technical / Narrow / High-Kerbs,Valtteri Bottas,Kick Sauber,16.0,18.0,0.0,Lapped,42.023776223776224,0
2024,Imola,Permanent,Technical / Narrow / High-Kerbs,Fernando Alonso,Aston Martin,20.0,19.0,0.0,Lapped,42.023776223776224,0
2024,Imola,Permanent,Technical / Narrow / High-Kerbs,Alexander Albon,Williams,14.0,20.0,0.0,Retired,42.023776223776224,0
2024,Monaco,Street,Low-Speed / Max-Downforce,Charles Leclerc,Ferrari,1.0,1.0,25.0,Finished,46.318000000000005,0
2024,Monaco,Street,Low-Speed / Max-Downforce,Oscar Piastri,McLaren,2.0,2.0,18.0,Finished,46.318000000000005,0
2024,Monaco,Street,Low-Speed / Max-Downforce,Carlos Sainz,Ferrari,3.0,3.0,15.0,Finished,46.318000000000005,0
2024,Monaco,Street,Low-Speed / Max-Downforce,Lando Norris,McLaren,4.0,4.0,12.0,Finished,46.318000000000005,0
2024,Monaco,Street,Low-Speed / Max-Downforce,George Russell,Mercedes,5.0,5.0,10.0,Finished,46.318000000000005,0
2024,Monaco,Street,Low-Speed / Max-Downforce,Max Verstappen,Red Bull Racing,6.0,6.0,8.0,Finished,46.318000000000005,0
2024,Monaco,Street,Low-Speed / Max-Downforce,Lewis Hamilton,Mercedes,7.0,7.0,7.0,Finished,46.318000000000005,0
2024,Monaco,Street,Low-Speed / Max-Downforce,Yuki Tsunoda,Racing Bulls,8.0,8.0,4.0,Lapped,46.318000000000005,0
2024,Monaco,Street,Low-Speed / Max-Downforce,Alexander Albon,Williams,9.0,9.0,2.0,Lapped,46.318000000000005,0
2024,Monaco,Street,Low-Speed / Max-Downforce,Pierre Gasly,Alpine,10.0,10.0,1.0,Lapped,46.318000000000005,0
2024,Monaco,Street,Low-Speed / Max-Downforce,Fernando Alonso,Aston Martin,14.0,11.0,0.0,Lapped,46.318000000000005,0
2024,Monaco,Street,Low-Speed / Max-Downforce,Daniel Ricciardo,Racing Bulls,12.0,12.0,0.0,Lapped,46.318000000000005,0
2024,Monaco,Street,Low-Speed / Max-Downforce,Valtteri Bottas,Kick Sauber,17.0,13.0,0.0,Lapped,46.318000000000005,0
2024,Monaco,Street,Low-Speed / Max-Downforce,Lance Stroll,Aston Martin,13.0,14.0,0.0,Lapped,46.318000000000005,0
2024,Monaco,Street,Low-Speed / Max-Downforce,Logan Sargeant,Williams,15.0,15.0,0.0,Lapped,46.318000000000005,0
2024,Monaco,Street,Low-Speed / Max-Downforce,Guanyu Zhou,Kick Sauber,18.0,16.0,0.0,Lapped,46.318000000000005,0
2024,Monaco,Street,Low-Speed / Max-Downforce,Esteban Ocon,Alpine,11.0,17.0,0.0,Retired,46.318000000000005,0
2024,Monaco,Street,Low-Speed / Max-Downforce,Sergio Perez,Red Bull Racing,16.0,18.0,0.0,Retired,46.318000000000005,0
2024,Monaco,Street,Low-Speed / Max-Downforce,Nico Hulkenberg,Haas,19.0,19.0,0.0,Retired,46.318000000000005,0
2024,Monaco,Street,Low-Speed / Max-Downforce,Kevin Magnussen,Haas,20.0,20.0,0.0,Retired,46.318000000000005,0
2024,Montreal,Street/Hybrid,Stop-and-Go / Heavy Braking,Max Verstappen,Red Bull Racing,2.0,1.0,25.0,Finished,24.569911504424784,1
2024,Montreal,Street/Hybrid,Stop-and-Go / Heavy Braking,Lando Norris,McLaren,3.0,2.0,18.0,Finished,24.569911504424784,1
2024,Montreal,Street/Hybrid,Stop-and-Go / Heavy Braking,George Russell,Mercedes,1.0,3.0,15.0,Finished,24.569911504424784,1
2024,Montreal,Street/Hybrid,Stop-and-Go / Heavy Braking,Lewis Hamilton,Mercedes,7.0,4.0,13.0,Finished,24.569911504424784,1
2024,Montreal,Street/Hybrid,Stop-and-Go / Heavy Braking,Oscar Piastri,McLaren,4.0,5.0,10.0,Finished,24.569911504424784,1
2024,Montreal,Street/Hybrid,Stop-and-Go / Heavy Braking,Fernando Alonso,Aston Martin,6.0,6.0,8.0,Finished,24.569911504424784,1
2024,Montreal,Street/Hybrid,Stop-and-Go / Heavy Braking,Lance Stroll,Aston Martin,9.0,7.0,6.0,Finished,24.569911504424784,1
2024,Montreal,Street/Hybrid,Stop-and-Go / Heavy Braking,Daniel Ricciardo,Racing Bulls,5.0,8.0,4.0,Finished,24.569911504424784,1
2024,Montreal,Street/Hybrid,Stop-and-Go / Heavy Braking,Pierre Gasly,Alpine,15.0,9.0,2.0,Finished,24.569911504424784,1
2024,Montreal,Street/Hybrid,Stop-and-Go / Heavy Braking,Esteban Ocon,Alpine,18.0,10.0,1.0,Finished,24.569911504424784,1
2024,Montreal,Street/Hybrid,Stop-and-Go / Heavy Braking,Nico Hulkenberg,Haas,17.0,11.0,0.0,Finished,24.569911504424784,1
2024,Montreal,Street/Hybrid,Stop-and-Go / Heavy Braking,Kevin Magnussen,Haas,14.0,12.0,0.0,Finished,24.569911504424784,1
2024,Montreal,Street/Hybrid,Stop-and-Go / Heavy Braking,Valtteri Bottas,Kick Sauber,19.0,13.0,0.0,Finished,24.569911504424784,1
2024,Montreal,Street/Hybrid,Stop-and-Go / Heavy Braking,Yuki Tsunoda,Racing Bulls,8.0,14.0,0.0,Finished,24.569911504424784,1
2024,Montreal,Street/Hybrid,Stop-and-Go / Heavy Braking,Guanyu Zhou,Kick Sauber,20.0,15.0,0.0,Lapped,24.569911504424784,1
2024,Montreal,Street/Hybrid,Stop-and-Go / Heavy Braking,Carlos Sainz,Ferrari,12.0,16.0,0.0,Retired,24.569911504424784,1
2024,Montreal,Street/Hybrid,Stop-and-Go / Heavy Braking,Alexander Albon,Williams,10.0,17.0,0.0,Retired,24.569911504424784,1
2024,Montreal,Street/Hybrid,Stop-and-Go / Heavy Braking,Sergio Perez,Red Bull Racing,16.0,18.0,0.0,Retired,24.569911504424784,1
2024,Montreal,Street/Hybrid,Stop-and-Go / Heavy Braking,Charles Leclerc,Ferrari,11.0,19.0,0.0,Retired,24.569911504424784,1
2024,Montreal,Street/Hybrid,Stop-and-Go / Heavy Braking,Logan Sargeant,Williams,13.0,20.0,0.0,Retired,24.569911504424784,1
2024,Barcelona,Permanent,Aerodynamic-Efficiency,Max Verstappen,Red Bull Racing,2.0,1.0,25.0,Finished,41.096103896103905,1
2024,Barcelona,Permanent,Aerodynamic-Efficiency,Lando Norris,McLaren,1.0,2.0,19.0,Finished,41.096103896103905,1
2024,Barcelona,Permanent,Aerodynamic-Efficiency,Lewis Hamilton,Mercedes,3.0,3.0,15.0,Finished,41.096103896103905,1
2024,Barcelona,Permanent,Aerodynamic-Efficiency,George Russell,Mercedes,4.0,4.0,12.0,Finished,41.096103896103905,1
2024,Barcelona,Permanent,Aerodynamic-Efficiency,Charles Leclerc,Ferrari,5.0,5.0,10.0,Finished,41.096103896103905,1
2024,Barcelona,Permanent,Aerodynamic-Efficiency,Carlos Sainz,Ferrari,6.0,6.0,8.0,Finished,41.096103896103905,1
2024,Barcelona,Permanent,Aerodynamic-Efficiency,Oscar Piastri,McLaren,9.0,7.0,6.0,Finished,41.096103896103905,1
2024,Barcelona,Permanent,Aerodynamic-Efficiency,Sergio Perez,Red Bull Racing,11.0,8.0,4.0,Finished,41.096103896103905,1
2024,Barcelona,Permanent,Aerodynamic-Efficiency,Pierre Gasly,Alpine,7.0,9.0,2.0,Finished,41.096103896103905,1
2024,Barcelona,Permanent,Aerodynamic-Efficiency,Esteban Ocon,Alpine,8.0,10.0,1.0,Finished,41.096103896103905,1
2024,Barcelona,Permanent,Aerodynamic-Efficiency,Nico Hulkenberg,Haas,13.0,11.0,0.0,Finished,41.096103896103905,1
2024,Barcelona,Permanent,Aerodynamic-Efficiency,Fernando Alonso,Aston Martin,10.0,12.0,0.0,Lapped,41.096103896103905,1
2024,Barcelona,Permanent,Aerodynamic-Efficiency,Guanyu Zhou,Kick Sauber,15.0,13.0,0.0,Lapped,41.096103896103905,1
2024,Barcelona,Permanent,Aerodynamic-Efficiency,Lance Stroll,Aston Martin,14.0,14.0,0.0,Lapped,41.096103896103905,1
2024,Barcelona,Permanent,Aerodynamic-Efficiency,Daniel Ricciardo,Racing Bulls,18.0,15.0,0.0,Lapped,41.096103896103905,1
2024,Barcelona,Permanent,Aerodynamic-Efficiency,Valtteri Bottas,Kick Sauber,12.0,16.0,0.0,Lapped,41.096103896103905,1
2024,Barcelona,Permanent,Aerodynamic-Efficiency,Kevin Magnussen,Haas,16.0,17.0,0.0,Lapped,41.096103896103905,1
2024,Barcelona,Permanent,Aerodynamic-Efficiency,Alexander Albon,Williams,20.0,18.0,0.0,Lapped,41.096103896103905,1
2024,Barcelona,Permanent,Aerodynamic-Efficiency,Yuki Tsunoda,Racing Bulls,17.0,19.0,0.0,Lapped,41.096103896103905,1
2024,Barcelona,Permanent,Aerodynamic-Efficiency,Logan Sargeant,Williams,19.0,20.0,0.0,Lapped,41.096103896103905,1
2024,Red Bull Ring,Permanent,Power-Unit / Elevation-Changes,George Russell,Mercedes,3.0,1.0,25.0,Finished,46.420979020979026,1
2024,Red Bull Ring,Permanent,Power-Unit / Elevation-Changes,Oscar Piastri,McLaren,7.0,2.0,18.0,Finished,46.420979020979026,1
2024,Red Bull Ring,Permanent,Power-Unit / Elevation-Changes,Carlos Sainz,Ferrari,4.0,3.0,15.0,Finished,46.420979020979026,1
2024,Red Bull Ring,Permanent,Power-Unit / Elevation-Changes,Lewis Hamilton,Mercedes,5.0,4.0,12.0,Finished,46.420979020979026,1
2024,Red Bull Ring,Permanent,Power-Unit / Elevation-Changes,Max Verstappen,Red Bull Racing,1.0,5.0,10.0,Finished,46.420979020979026,1
2024,Red Bull Ring,Permanent,Power-Unit / Elevation-Changes,Nico Hulkenberg,Haas,9.0,6.0,8.0,Finished,46.420979020979026,1
2024,Red Bull Ring,Permanent,Power-Unit / Elevation-Changes,Sergio Perez,Red Bull Racing,8.0,7.0,6.0,Finished,46.420979020979026,1
2024,Red Bull Ring,Permanent,Power-Unit / Elevation-Changes,Kevin Magnussen,Haas,12.0,8.0,4.0,Finished,46.420979020979026,1
2024,Red Bull Ring,Permanent,Power-Unit / Elevation-Changes,Daniel Ricciardo,Racing Bulls,11.0,9.0,2.0,Finished,46.420979020979026,1
2024,Red Bull Ring,Permanent,Power-Unit / Elevation-Changes,Pierre Gasly,Alpine,13.0,10.0,1.0,Finished,46.420979020979026,1
2024,Red Bull Ring,Permanent,Power-Unit / Elevation-Changes,Charles Leclerc,Ferrari,6.0,11.0,0.0,Finished,46.420979020979026,1
2024,Red Bull Ring,Permanent,Power-Unit / Elevation-Changes,Esteban Ocon,Alpine,10.0,12.0,0.0,Finished,46.420979020979026,1
2024,Red Bull Ring,Permanent,Power-Unit / Elevation-Changes,Lance Stroll,Aston Martin,17.0,13.0,0.0,Lapped,46.420979020979026,1
2024,Red Bull Ring,Permanent,Power-Unit / Elevation-Changes,Yuki Tsunoda,Racing Bulls,14.0,14.0,0.0,Lapped,46.420979020979026,1
2024,Red Bull Ring,Permanent,Power-Unit / Elevation-Changes,Alexander Albon,Williams,16.0,15.0,0.0,Lapped,46.420979020979026,1
2024,Red Bull Ring,Permanent,Power-Unit / Elevation-Changes,Valtteri Bottas,Kick Sauber,18.0,16.0,0.0,Lapped,46.420979020979026,1
2024,Red Bull Ring,Permanent,Power-Unit / Elevation-Changes,Guanyu Zhou,Kick Sauber,20.0,17.0,0.0,Lapped,46.420979020979026,1
2024,Red Bull Ring,Permanent,Power-Unit / Elevation-Changes,Fernando Alonso,Aston Martin,15.0,18.0,0.0,Lapped,46.420979020979026,1
2024,Red Bull Ring,Permanent,Power-Unit / Elevation-Changes,Logan Sargeant,Williams,19.0,19.0,0.0,Lapped,46.420979020979026,1
2024,Red Bull Ring,Permanent,Power-Unit / Elevation-Changes,Lando Norris,McLaren,2.0,20.0,0.0,Lapped,46.420979020979026,1
2024,Silverstone,Permanent,Ultra-High-Speed / Aero-Load,Lewis Hamilton,Mercedes,2.0,1.0,25.0,Finished,27.670068027210885,1
2024,Silverstone,Permanent,Ultra-High-Speed / Aero-Load,Max Verstappen,Red Bull Racing,4.0,2.0,18.0,Finished,27.670068027210885,1
2024,Silverstone,Permanent,Ultra-High-Speed / Aero-Load,Lando Norris,McLaren,3.0,3.0,15.0,Finished,27.670068027210885,1
2024,Silverstone,Permanent,Ultra-High-Speed / Aero-Load,Oscar Piastri,McLaren,5.0,4.0,12.0,Finished,27.670068027210885,1
2024,Silverstone,Permanent,Ultra-High-Speed / Aero-Load,Carlos Sainz,Ferrari,7.0,5.0,11.0,Finished,27.670068027210885,1
2024,Silverstone,Permanent,Ultra-High-Speed / Aero-Load,Nico Hulkenberg,Haas,6.0,6.0,8.0,Finished,27.670068027210885,1
2024,Silverstone,Permanent,Ultra-High-Speed / Aero-Load,Lance Stroll,Aston Martin,8.0,7.0,6.0,Finished,27.670068027210885,1
2024,Silverstone,Permanent,Ultra-High-Speed / Aero-Load,Fernando Alonso,Aston Martin,10.0,8.0,4.0,Finished,27.670068027210885,1
2024,Silverstone,Permanent,Ultra-High-Speed / Aero-Load,Alexander Albon,Williams,9.0,9.0,2.0,Finished,27.670068027210885,1
2024,Silverstone,Permanent,Ultra-High-Speed / Aero-Load,Yuki Tsunoda,Racing Bulls,13.0,10.0,1.0,Finished,27.670068027210885,1
2024,Silverstone,Permanent,Ultra-High-Speed / Aero-Load,Logan Sargeant,Williams,12.0,11.0,0.0,Finished,27.670068027210885,1
2024,Silverstone,Permanent,Ultra-High-Speed / Aero-Load,Kevin Magnussen,Haas,17.0,12.0,0.0,Finished,27.670068027210885,1
2024,Silverstone,Permanent,Ultra-High-Speed / Aero-Load,Daniel Ricciardo,Racing Bulls,15.0,13.0,0.0,Lapped,27.670068027210885,1
2024,Silverstone,Permanent,Ultra-High-Speed / Aero-Load,Charles Leclerc,Ferrari,11.0,14.0,0.0,Lapped,27.670068027210885,1
2024,Silverstone,Permanent,Ultra-High-Speed / Aero-Load,Valtteri Bottas,Kick Sauber,16.0,15.0,0.0,Lapped,27.670068027210885,1
2024,Silverstone,Permanent,Ultra-High-Speed / Aero-Load,Esteban Ocon,Alpine,18.0,16.0,0.0,Lapped,27.670068027210885,1
2024,Silverstone,Permanent,Ultra-High-Speed / Aero-Load,Sergio Perez,Red Bull Racing,20.0,17.0,0.0,Lapped,27.670068027210885,1
2024,Silverstone,Permanent,Ultra-High-Speed / Aero-Load,Guanyu Zhou,Kick Sauber,14.0,18.0,0.0,Lapped,27.670068027210885,1
2024,Silverstone,Permanent,Ultra-High-Speed / Aero-Load,George Russell,Mercedes,1.0,19.0,0.0,Retired,27.670068027210885,1
2024,Silverstone,Permanent,Ultra-High-Speed / Aero-Load,Pierre Gasly,Alpine,19.0,20.0,0.0,Did not start,27.670068027210885,1
2024,Hungarian Grand Prix,Permanent,Standard,Oscar Piastri,McLaren,2.0,1.0,25.0,Finished,44.91612903225806,0
2024,Hungarian Grand Prix,Permanent,Standard,Lando Norris,McLaren,1.0,2.0,18.0,Finished,44.91612903225806,0
2024,Hungarian Grand Prix,Permanent,Standard,Lewis Hamilton,Mercedes,5.0,3.0,15.0,Finished,44.91612903225806,0
2024,Hungarian Grand Prix,Permanent,Standard,Charles Leclerc,Ferrari,6.0,4.0,12.0,Finished,44.91612903225806,0
2024,Hungarian Grand Prix,Permanent,Standard,Max Verstappen,Red Bull Racing,3.0,5.0,10.0,Finished,44.91612903225806,0
2024,Hungarian Grand Prix,Permanent,Standard,Carlos Sainz,Ferrari,4.0,6.0,8.0,Finished,44.91612903225806,0
2024,Hungarian Grand Prix,Permanent,Standard,Sergio Perez,Red Bull Racing,16.0,7.0,6.0,Finished,44.91612903225806,0
2024,Hungarian Grand Prix,Permanent,Standard,George Russell,Mercedes,17.0,8.0,5.0,Finished,44.91612903225806,0
2024,Hungarian Grand Prix,Permanent,Standard,Yuki Tsunoda,Racing Bulls,10.0,9.0,2.0,Finished,44.91612903225806,0
2024,Hungarian Grand Prix,Permanent,Standard,Lance Stroll,Aston Martin,8.0,10.0,1.0,Finished,44.91612903225806,0
2024,Hungarian Grand Prix,Permanent,Standard,Fernando Alonso,Aston Martin,7.0,11.0,0.0,Finished,44.91612903225806,0
2024,Hungarian Grand Prix,Permanent,Standard,Daniel Ricciardo,Racing Bulls,9.0,12.0,0.0,Lapped,44.91612903225806,0
2024,Hungarian Grand Prix,Permanent,Standard,Nico Hulkenberg,Haas,11.0,13.0,0.0,Lapped,44.91612903225806,0
2024,Hungarian Grand Prix,Permanent,Standard,Alexander Albon,Williams,13.0,14.0,0.0,Lapped,44.91612903225806,0
2024,Hungarian Grand Prix,Permanent,Standard,Kevin Magnussen,Haas,15.0,15.0,0.0,Lapped,44.91612903225806,0
2024,Hungarian Grand Prix,Permanent,Standard,Valtteri Bottas,Kick Sauber,12.0,16.0,0.0,Lapped,44.91612903225806,0
2024,Hungarian Grand Prix,Permanent,Standard,Logan Sargeant,Williams,14.0,17.0,0.0,Lapped,44.91612903225806,0
2024,Hungarian Grand Prix,Permanent,Standard,Esteban Ocon,Alpine,19.0,18.0,0.0,Lapped,44.91612903225806,0
2024,Hungarian Grand Prix,Permanent,Standard,Guanyu Zhou,Kick Sauber,18.0,19.0,0.0,Lapped,44.91612903225806,0
2024,Hungarian Grand Prix,Permanent,Standard,Pierre Gasly,Alpine,20.0,20.0,0.0,Retired,44.91612903225806,0
2024,Spa,Permanent,Power-Unit / Long-Straights,Lewis Hamilton,Mercedes,3.0,1.0,25.0,Finished,42.26715328467153,0
2024,Spa,Permanent,Power-Unit / Long-Straights,Oscar Piastri,McLaren,5.0,2.0,18.0,Finished,42.26715328467153,0
2024,Spa,Permanent,Power-Unit / Long-Straights,Charles Leclerc,Ferrari,1.0,3.0,15.0,Finished,42.26715328467153,0
2024,Spa,Permanent,Power-Unit / Long-Straights,Max Verstappen,Red Bull Racing,11.0,4.0,12.0,Finished,42.26715328467153,0
2024,Spa,Permanent,Power-Unit / Long-Straights,Lando Norris,McLaren,4.0,5.0,10.0,Finished,42.26715328467153,0
2024,Spa,Permanent,Power-Unit / Long-Straights,Carlos Sainz,Ferrari,7.0,6.0,8.0,Finished,42.26715328467153,0
2024,Spa,Permanent,Power-Unit / Long-Straights,Sergio Perez,Red Bull Racing,2.0,7.0,7.0,Finished,42.26715328467153,0
2024,Spa,Permanent,Power-Unit / Long-Straights,Fernando Alonso,Aston Martin,8.0,8.0,4.0,Finished,42.26715328467153,0
2024,Spa,Permanent,Power-Unit / Long-Straights,Esteban Ocon,Alpine,9.0,9.0,2.0,Finished,42.26715328467153,0
2024,Spa,Permanent,Power-Unit / Long-Straights,Daniel Ricciardo,Racing Bulls,13.0,10.0,1.0,Finished,42.26715328467153,0
2024,Spa,Permanent,Power-Unit / Long-Straights,Lance Stroll,Aston Martin,15.0,11.0,0.0,Finished,42.26715328467153,0
2024,Spa,Permanent,Power-Unit / Long-Straights,Alexander Albon,Williams,10.0,12.0,0.0,Finished,42.26715328467153,0
2024,Spa,Permanent,Power-Unit / Long-Straights,Pierre Gasly,Alpine,12.0,13.0,0.0,Finished,42.26715328467153,0
2024,Spa,Permanent,Power-Unit / Long-Straights,Kevin Magnussen,Haas,17.0,14.0,0.0,Finished,42.26715328467153,0
2024,Spa,Permanent,Power-Unit / Long-Straights,Valtteri Bottas,Kick Sauber,14.0,15.0,0.0,Finished,42.26715328467153,0
2024,Spa,Permanent,Power-Unit / Long-Straights,Yuki Tsunoda,Racing Bulls,20.0,16.0,0.0,Finished,42.26715328467153,0
2024,Spa,Permanent,Power-Unit / Long-Straights,Logan Sargeant,Williams,18.0,17.0,0.0,Finished,42.26715328467153,0
2024,Spa,Permanent,Power-Unit / Long-Straights,Nico Hulkenberg,Haas,16.0,18.0,0.0,Finished,42.26715328467153,0
2024,Spa,Permanent,Power-Unit / Long-Straights,Guanyu Zhou,Kick Sauber,19.0,19.0,0.0,Retired,42.26715328467153,0
2024,Spa,Permanent,Power-Unit / Long-Straights,George Russell,Mercedes,6.0,20.0,0.0,Disqualified,42.26715328467153,0
2024,Zandvoort,Permanent,High-Downforce / Banking,Lando Norris,McLaren,1.0,1.0,26.0,Finished,30.80588235294118,0
2024,Zandvoort,Permanent,High-Downforce / Banking,Max Verstappen,Red Bull Racing,2.0,2.0,18.0,Finished,30.80588235294118,0
2024,Zandvoort,Permanent,High-Downforce / Banking,Charles Leclerc,Ferrari,6.0,3.0,15.0,Finished,30.80588235294118,0
2024,Zandvoort,Permanent,High-Downforce / Banking,Oscar Piastri,McLaren,3.0,4.0,12.0,Finished,30.80588235294118,0
2024,Zandvoort,Permanent,High-Downforce / Banking,Carlos Sainz,Ferrari,10.0,5.0,10.0,Finished,30.80588235294118,0
2024,Zandvoort,Permanent,High-Downforce / Banking,Sergio Perez,Red Bull Racing,5.0,6.0,8.0,Finished,30.80588235294118,0
2024,Zandvoort,Permanent,High-Downforce / Banking,George Russell,Mercedes,4.0,7.0,6.0,Finished,30.80588235294118,0
2024,Zandvoort,Permanent,High-Downforce / Banking,Lewis Hamilton,Mercedes,14.0,8.0,4.0,Finished,30.80588235294118,0
2024,Zandvoort,Permanent,High-Downforce / Banking,Pierre Gasly,Alpine,9.0,9.0,2.0,Lapped,30.80588235294118,0
2024,Zandvoort,Permanent,High-Downforce / Banking,Fernando Alonso,Aston Martin,7.0,10.0,1.0,Lapped,30.80588235294118,0
2024,Zandvoort,Permanent,High-Downforce / Banking,Nico Hulkenberg,Haas,12.0,11.0,0.0,Lapped,30.80588235294118,0
2024,Zandvoort,Permanent,High-Downforce / Banking,Daniel Ricciardo,Racing Bulls,13.0,12.0,0.0,Lapped,30.80588235294118,0
2024,Zandvoort,Permanent,High-Downforce / Banking,Lance Stroll,Aston Martin,8.0,13.0,0.0,Lapped,30.80588235294118,0
2024,Zandvoort,Permanent,High-Downforce / Banking,Alexander Albon,Williams,19.0,14.0,0.0,Lapped,30.80588235294118,0
2024,Zandvoort,Permanent,High-Downforce / Banking,Esteban Ocon,Alpine,15.0,15.0,0.0,Lapped,30.80588235294118,0
2024,Zandvoort,Permanent,High-Downforce / Banking,Logan Sargeant,Williams,18.0,16.0,0.0,Lapped,30.80588235294118,0
2024,Zandvoort,Permanent,High-Downforce / Banking,Yuki Tsunoda,Racing Bulls,11.0,17.0,0.0,Lapped,30.80588235294118,0
2024,Zandvoort,Permanent,High-Downforce / Banking,Kevin Magnussen,Haas,20.0,18.0,0.0,Lapped,30.80588235294118,0
2024,Zandvoort,Permanent,High-Downforce / Banking,Valtteri Bottas,Kick Sauber,16.0,19.0,0.0,Lapped,30.80588235294118,0
2024,Zandvoort,Permanent,High-Downforce / Banking,Guanyu Zhou,Kick Sauber,17.0,20.0,0.0,Lapped,30.80588235294118,0
2024,Monza,Permanent,Top-Speed / Ultra-Low-Drag,Charles Leclerc,Ferrari,4.0,1.0,25.0,Finished,49.31127819548872,0
2024,Monza,Permanent,Top-Speed / Ultra-Low-Drag,Oscar Piastri,McLaren,2.0,2.0,18.0,Finished,49.31127819548872,0
2024,Monza,Permanent,Top-Speed / Ultra-Low-Drag,Lando Norris,McLaren,1.0,3.0,16.0,Finished,49.31127819548872,0
2024,Monza,Permanent,Top-Speed / Ultra-Low-Drag,Carlos Sainz,Ferrari,5.0,4.0,12.0,Finished,49.31127819548872,0
2024,Monza,Permanent,Top-Speed / Ultra-Low-Drag,Lewis Hamilton,Mercedes,6.0,5.0,10.0,Finished,49.31127819548872,0
2024,Monza,Permanent,Top-Speed / Ultra-Low-Drag,Max Verstappen,Red Bull Racing,7.0,6.0,8.0,Finished,49.31127819548872,0
2024,Monza,Permanent,Top-Speed / Ultra-Low-Drag,George Russell,Mercedes,3.0,7.0,6.0,Finished,49.31127819548872,0
2024,Monza,Permanent,Top-Speed / Ultra-Low-Drag,Sergio Perez,Red Bull Racing,8.0,8.0,4.0,Finished,49.31127819548872,0
2024,Monza,Permanent,Top-Speed / Ultra-Low-Drag,Alexander Albon,Williams,9.0,9.0,2.0,Finished,49.31127819548872,0
2024,Monza,Permanent,Top-Speed / Ultra-Low-Drag,Kevin Magnussen,Haas,13.0,10.0,1.0,Finished,49.31127819548872,0
2024,Monza,Permanent,Top-Speed / Ultra-Low-Drag,Fernando Alonso,Aston Martin,11.0,11.0,0.0,Finished,49.31127819548872,0
2024,Monza,Permanent,Top-Speed / Ultra-Low-Drag,Franco Colapinto,Williams,18.0,12.0,0.0,Finished,49.31127819548872,0
2024,Monza,Permanent,Top-Speed / Ultra-Low-Drag,Daniel Ricciardo,Racing Bulls,12.0,13.0,0.0,Finished,49.31127819548872,0
2024,Monza,Permanent,Top-Speed / Ultra-Low-Drag,Esteban Ocon,Alpine,15.0,14.0,0.0,Lapped,49.31127819548872,0
2024,Monza,Permanent,Top-Speed / Ultra-Low-Drag,Pierre Gasly,Alpine,14.0,15.0,0.0,Lapped,49.31127819548872,0
2024,Monza,Permanent,Top-Speed / Ultra-Low-Drag,Valtteri Bottas,Kick Sauber,19.0,16.0,0.0,Lapped,49.31127819548872,0
2024,Monza,Permanent,Top-Speed / Ultra-Low-Drag,Nico Hulkenberg,Haas,10.0,17.0,0.0,Lapped,49.31127819548872,0
2024,Monza,Permanent,Top-Speed / Ultra-Low-Drag,Guanyu Zhou,Kick Sauber,20.0,18.0,0.0,Lapped,49.31127819548872,0
2024,Monza,Permanent,Top-Speed / Ultra-Low-Drag,Lance Stroll,Aston Martin,17.0,19.0,0.0,Lapped,49.31127819548872,0
2024,Monza,Permanent,Top-Speed / Ultra-Low-Drag,Yuki Tsunoda,Racing Bulls,16.0,20.0,0.0,Retired,49.31127819548872,0
2024,Baku,Street,Top-Speed / 90-Degree-Turns,Oscar Piastri,McLaren,2.0,1.0,25.0,Finished,44.34934210526316,0
2024,Baku,Street,Top-Speed / 90-Degree-Turns,Charles Leclerc,Ferrari,1.0,2.0,18.0,Finished,44.34934210526316,0
2024,Baku,Street,Top-Speed / 90-Degree-Turns,George Russell,Mercedes,5.0,3.0,15.0,Finished,44.34934210526316,0
2024,Baku,Street,Top-Speed / 90-Degree-Turns,Lando Norris,McLaren,15.0,4.0,13.0,Finished,44.34934210526316,0
2024,Baku,Street,Top-Speed / 90-Degree-Turns,Max Verstappen,Red Bull Racing,6.0,5.0,10.0,Finished,44.34934210526316,0
2024,Baku,Street,Top-Speed / 90-Degree-Turns,Fernando Alonso,Aston Martin,7.0,6.0,8.0,Finished,44.34934210526316,0
2024,Baku,Street,Top-Speed / 90-Degree-Turns,Alexander Albon,Williams,9.0,7.0,6.0,Finished,44.34934210526316,0
2024,Baku,Street,Top-Speed / 90-Degree-Turns,Franco Colapinto,Williams,8.0,8.0,4.0,Finished,44.34934210526316,0
2024,Baku,Street,Top-Speed / 90-Degree-Turns,Lewis Hamilton,Mercedes,19.0,9.0,2.0,Finished,44.34934210526316,0
2024,Baku,Street,Top-Speed / 90-Degree-Turns,Oliver Bearman,Haas,10.0,10.0,1.0,Finished,44.34934210526316,0
2024,Baku,Street,Top-Speed / 90-Degree-Turns,Nico Hulkenberg,Haas,12.0,11.0,0.0,Finished,44.34934210526316,0
2024,Baku,Street,Top-Speed / 90-Degree-Turns,Pierre Gasly,Alpine,18.0,12.0,0.0,Finished,44.34934210526316,0
2024,Baku,Street,Top-Speed / 90-Degree-Turns,Daniel Ricciardo,Racing Bulls,14.0,13.0,0.0,Finished,44.34934210526316,0
2024,Baku,Street,Top-Speed / 90-Degree-Turns,Guanyu Zhou,Kick Sauber,17.0,14.0,0.0,Finished,44.34934210526316,0
2024,Baku,Street,Top-Speed / 90-Degree-Turns,Esteban Ocon,Alpine,20.0,15.0,0.0,Lapped,44.34934210526316,0
2024,Baku,Street,Top-Speed / 90-Degree-Turns,Valtteri Bottas,Kick Sauber,16.0,16.0,0.0,Lapped,44.34934210526316,0
2024,Baku,Street,Top-Speed / 90-Degree-Turns,Sergio Perez,Red Bull Racing,4.0,17.0,0.0,Retired,44.34934210526316,0
2024,Baku,Street,Top-Speed / 90-Degree-Turns,Carlos Sainz,Ferrari,3.0,18.0,0.0,Retired,44.34934210526316,0
2024,Baku,Street,Top-Speed / 90-Degree-Turns,Lance Stroll,Aston Martin,13.0,19.0,0.0,Retired,44.34934210526316,0
2024,Baku,Street,Top-Speed / 90-Degree-Turns,Yuki Tsunoda,Racing Bulls,11.0,20.0,0.0,Retired,44.34934210526316,0
2024,Singapore,Street,Traction / Humidity / Slow-Speed,Lando Norris,McLaren,1.0,1.0,25.0,Finished,36.445625,0
2024,Singapore,Street,Traction / Humidity / Slow-Speed,Max Verstappen,Red Bull Racing,2.0,2.0,18.0,Finished,36.445625,0
2024,Singapore,Street,Traction / Humidity / Slow-Speed,Oscar Piastri,McLaren,5.0,3.0,15.0,Finished,36.445625,0
2024,Singapore,Street,Traction / Humidity / Slow-Speed,George Russell,Mercedes,4.0,4.0,12.0,Finished,36.445625,0
2024,Singapore,Street,Traction / Humidity / Slow-Speed,Charles Leclerc,Ferrari,9.0,5.0,10.0,Finished,36.445625,0
2024,Singapore,Street,Traction / Humidity / Slow-Speed,Lewis Hamilton,Mercedes,3.0,6.0,8.0,Finished,36.445625,0
2024,Singapore,Street,Traction / Humidity / Slow-Speed,Carlos Sainz,Ferrari,10.0,7.0,6.0,Finished,36.445625,0
2024,Singapore,Street,Traction / Humidity / Slow-Speed,Fernando Alonso,Aston Martin,7.0,8.0,4.0,Lapped,36.445625,0
2024,Singapore,Street,Traction / Humidity / Slow-Speed,Nico Hulkenberg,Haas,6.0,9.0,2.0,Lapped,36.445625,0
2024,Singapore,Street,Traction / Humidity / Slow-Speed,Sergio Perez,Red Bull Racing,13.0,10.0,1.0,Lapped,36.445625,0
2024,Singapore,Street,Traction / Humidity / Slow-Speed,Franco Colapinto,Williams,12.0,11.0,0.0,Lapped,36.445625,0
2024,Singapore,Street,Traction / Humidity / Slow-Speed,Yuki Tsunoda,Racing Bulls,8.0,12.0,0.0,Lapped,36.445625,0
2024,Singapore,Street,Traction / Humidity / Slow-Speed,Esteban Ocon,Alpine,15.0,13.0,0.0,Lapped,36.445625,0
2024,Singapore,Street,Traction / Humidity / Slow-Speed,Lance Stroll,Aston Martin,17.0,14.0,0.0,Lapped,36.445625,0
2024,Singapore,Street,Traction / Humidity / Slow-Speed,Guanyu Zhou,Kick Sauber,20.0,15.0,0.0,Lapped,36.445625,0
2024,Singapore,Street,Traction / Humidity / Slow-Speed,Valtteri Bottas,Kick Sauber,19.0,16.0,0.0,Lapped,36.445625,0
2024,Singapore,Street,Traction / Humidity / Slow-Speed,Pierre Gasly,Alpine,18.0,17.0,0.0,Lapped,36.445625,0
2024,Singapore,Street,Traction / Humidity / Slow-Speed,Daniel Ricciardo,Racing Bulls,16.0,18.0,0.0,Lapped,36.445625,0
2024,Singapore,Street,Traction / Humidity / Slow-Speed,Kevin Magnussen,Haas,14.0,19.0,0.0,Retired,36.445625,0
2024,Singapore,Street,Traction / Humidity / Slow-Speed,Alexander Albon,Williams,11.0,20.0,0.0,Retired,36.445625,0
2024,COTA,Permanent,Mixed / Flowing-Esses,Charles Leclerc,Ferrari,4.0,1.0,25.0,Finished,46.60193548387097,0
2024,COTA,Permanent,Mixed / Flowing-Esses,Carlos Sainz,Ferrari,3.0,2.0,18.0,Finished,46.60193548387097,0
2024,COTA,Permanent,Mixed / Flowing-Esses,Max Verstappen,Red Bull Racing,2.0,3.0,15.0,Finished,46.60193548387097,0
2024,COTA,Permanent,Mixed / Flowing-Esses,Lando Norris,McLaren,1.0,4.0,12.0,Finished,46.60193548387097,0
2024,COTA,Permanent,Mixed / Flowing-Esses,Oscar Piastri,McLaren,5.0,5.0,10.0,Finished,46.60193548387097,0
2024,COTA,Permanent,Mixed / Flowing-Esses,George Russell,Mercedes,20.0,6.0,8.0,Finished,46.60193548387097,0
2024,COTA,Permanent,Mixed / Flowing-Esses,Sergio Perez,Red Bull Racing,9.0,7.0,6.0,Finished,46.60193548387097,0
2024,COTA,Permanent,Mixed / Flowing-Esses,Nico Hulkenberg,Haas,11.0,8.0,4.0,Finished,46.60193548387097,0
2024,COTA,Permanent,Mixed / Flowing-Esses,Liam Lawson,Racing Bulls,19.0,9.0,2.0,Finished,46.60193548387097,0
2024,COTA,Permanent,Mixed / Flowing-Esses,Franco Colapinto,Williams,15.0,10.0,1.0,Finished,46.60193548387097,0
2024,COTA,Permanent,Mixed / Flowing-Esses,Kevin Magnussen,Haas,8.0,11.0,0.0,Finished,46.60193548387097,0
2024,COTA,Permanent,Mixed / Flowing-Esses,Pierre Gasly,Alpine,6.0,12.0,0.0,Finished,46.60193548387097,0
2024,COTA,Permanent,Mixed / Flowing-Esses,Fernando Alonso,Aston Martin,7.0,13.0,0.0,Lapped,46.60193548387097,0
2024,COTA,Permanent,Mixed / Flowing-Esses,Yuki Tsunoda,Racing Bulls,10.0,14.0,0.0,Lapped,46.60193548387097,0
2024,COTA,Permanent,Mixed / Flowing-Esses,Lance Stroll,Aston Martin,13.0,15.0,0.0,Lapped,46.60193548387097,0
2024,COTA,Permanent,Mixed / Flowing-Esses,Alexander Albon,Williams,14.0,16.0,0.0,Lapped,46.60193548387097,0
2024,COTA,Permanent,Mixed / Flowing-Esses,Valtteri Bottas,Kick Sauber,16.0,17.0,0.0,Lapped,46.60193548387097,0
2024,COTA,Permanent,Mixed / Flowing-Esses,Esteban Ocon,Alpine,12.0,18.0,0.0,Lapped,46.60193548387097,0
2024,COTA,Permanent,Mixed / Flowing-Esses,Guanyu Zhou,Kick Sauber,18.0,19.0,0.0,Lapped,46.60193548387097,0
2024,COTA,Permanent,Mixed / Flowing-Esses,Lewis Hamilton,Mercedes,17.0,20.0,0.0,Retired,46.60193548387097,0
2024,Mexico City,Permanent,High-Altitude / Low-Air-Density,Carlos Sainz,Ferrari,1.0,1.0,25.0,Finished,35.60251572327045,0
2024,Mexico City,Permanent,High-Altitude / Low-Air-Density,Lando Norris,McLaren,3.0,2.0,18.0,Finished,35.60251572327045,0
2024,Mexico City,Permanent,High-Altitude / Low-Air-Density,Charles Leclerc,Ferrari,4.0,3.0,16.0,Finished,35.60251572327045,0
2024,Mexico City,Permanent,High-Altitude / Low-Air-Density,Lewis Hamilton,Mercedes,6.0,4.0,12.0,Finished,35.60251572327045,0
2024,Mexico City,Permanent,High-Altitude / Low-Air-Density,George Russell,Mercedes,5.0,5.0,10.0,Finished,35.60251572327045,0
2024,Mexico City,Permanent,High-Altitude / Low-Air-Density,Max Verstappen,Red Bull Racing,2.0,6.0,8.0,Finished,35.60251572327045,0
2024,Mexico City,Permanent,High-Altitude / Low-Air-Density,Kevin Magnussen,Haas,7.0,7.0,6.0,Finished,35.60251572327045,0
2024,Mexico City,Permanent,High-Altitude / Low-Air-Density,Oscar Piastri,McLaren,17.0,8.0,4.0,Finished,35.60251572327045,0
2024,Mexico City,Permanent,High-Altitude / Low-Air-Density,Nico Hulkenberg,Haas,10.0,9.0,2.0,Lapped,35.60251572327045,0
2024,Mexico City,Permanent,High-Altitude / Low-Air-Density,Pierre Gasly,Alpine,8.0,10.0,1.0,Lapped,35.60251572327045,0
2024,Mexico City,Permanent,High-Altitude / Low-Air-Density,Lance Stroll,Aston Martin,14.0,11.0,0.0,Lapped,35.60251572327045,0
2024,Mexico City,Permanent,High-Altitude / Low-Air-Density,Franco Colapinto,Williams,16.0,12.0,0.0,Lapped,35.60251572327045,0
2024,Mexico City,Permanent,High-Altitude / Low-Air-Density,Esteban Ocon,Alpine,0.0,13.0,0.0,Lapped,35.60251572327045,0
2024,Mexico City,Permanent,High-Altitude / Low-Air-Density,Valtteri Bottas,Kick Sauber,15.0,14.0,0.0,Lapped,35.60251572327045,0
2024,Mexico City,Permanent,High-Altitude / Low-Air-Density,Guanyu Zhou,Kick Sauber,19.0,15.0,0.0,Lapped,35.60251572327045,0
2024,Mexico City,Permanent,High-Altitude / Low-Air-Density,Liam Lawson,Racing Bulls,12.0,16.0,0.0,Lapped,35.60251572327045,0
2024,Mexico City,Permanent,High-Altitude / Low-Air-Density,Sergio Perez,Red Bull Racing,18.0,17.0,0.0,Lapped,35.60251572327045,0
2024,Mexico City,Permanent,High-Altitude / Low-Air-Density,Fernando Alonso,Aston Martin,13.0,18.0,0.0,Retired,35.60251572327045,0
2024,Mexico City,Permanent,High-Altitude / Low-Air-Density,Alexander Albon,Williams,9.0,19.0,0.0,Retired,35.60251572327045,0
2024,Mexico City,Permanent,High-Altitude / Low-Air-Density,Yuki Tsunoda,Racing Bulls,11.0,20.0,0.0,Retired,35.60251572327045,0
2024,São Paulo Grand Prix,Permanent,Standard,Max Verstappen,Red Bull Racing,17.0,1.0,26.0,Finished,25.769651741293536,1
2024,São Paulo Grand Prix,Permanent,Standard,Esteban Ocon,Alpine,4.0,2.0,18.0,Finished,25.769651741293536,1
2024,São Paulo Grand Prix,Permanent,Standard,Pierre Gasly,Alpine,13.0,3.0,15.0,Finished,25.769651741293536,1
2024,São Paulo Grand Prix,Permanent,Standard,George Russell,Mercedes,2.0,4.0,12.0,Finished,25.769651741293536,1
2024,São Paulo Grand Prix,Permanent,Standard,Charles Leclerc,Ferrari,6.0,5.0,10.0,Finished,25.769651741293536,1
2024,São Paulo Grand Prix,Permanent,Standard,Lando Norris,McLaren,1.0,6.0,8.0,Finished,25.769651741293536,1
2024,São Paulo Grand Prix,Permanent,Standard,Yuki Tsunoda,Racing Bulls,3.0,7.0,6.0,Finished,25.769651741293536,1
2024,São Paulo Grand Prix,Permanent,Standard,Oscar Piastri,McLaren,8.0,8.0,4.0,Finished,25.769651741293536,1
2024,São Paulo Grand Prix,Permanent,Standard,Liam Lawson,Racing Bulls,5.0,9.0,2.0,Finished,25.769651741293536,1
2024,São Paulo Grand Prix,Permanent,Standard,Lewis Hamilton,Mercedes,14.0,10.0,1.0,Finished,25.769651741293536,1
2024,São Paulo Grand Prix,Permanent,Standard,Sergio Perez,Red Bull Racing,12.0,11.0,0.0,Finished,25.769651741293536,1
2024,São Paulo Grand Prix,Permanent,Standard,Oliver Bearman,Haas,15.0,12.0,0.0,Finished,25.769651741293536,1
2024,São Paulo Grand Prix,Permanent,Standard,Valtteri Bottas,Kick Sauber,11.0,13.0,0.0,Finished,25.769651741293536,1
2024,São Paulo Grand Prix,Permanent,Standard,Fernando Alonso,Aston Martin,9.0,14.0,0.0,Finished,25.769651741293536,1
2024,São Paulo Grand Prix,Permanent,Standard,Guanyu Zhou,Kick Sauber,19.0,15.0,0.0,Finished,25.769651741293536,1
2024,São Paulo Grand Prix,Permanent,Standard,Carlos Sainz,Ferrari,20.0,16.0,0.0,Retired,25.769651741293536,1
2024,São Paulo Grand Prix,Permanent,Standard,Franco Colapinto,Williams,16.0,17.0,0.0,Retired,25.769651741293536,1
2024,São Paulo Grand Prix,Permanent,Standard,Alexander Albon,Williams,7.0,18.0,0.0,Did not start,25.769651741293536,1
2024,São Paulo Grand Prix,Permanent,Standard,Lance Stroll,Aston Martin,10.0,19.0,0.0,Did not start,25.769651741293536,1
2024,São Paulo Grand Prix,Permanent,Standard,Nico Hulkenberg,Haas,18.0,20.0,0.0,Disqualified,25.769651741293536,1
2024,Las Vegas,Street,Top-Speed / Low-Tire-Temp,George Russell,Mercedes,1.0,1.0,25.0,Finished,17.723776223776223,0
2024,Las Vegas,Street,Top-Speed / Low-Tire-Temp,Lewis Hamilton,Mercedes,10.0,2.0,18.0,Finished,17.723776223776223,0
2024,Las Vegas,Street,Top-Speed / Low-Tire-Temp,Carlos Sainz,Ferrari,2.0,3.0,15.0,Finished,17.723776223776223,0
2024,Las Vegas,Street,Top-Speed / Low-Tire-Temp,Charles Leclerc,Ferrari,4.0,4.0,12.0,Finished,17.723776223776223,0
2024,Las Vegas,Street,Top-Speed / Low-Tire-Temp,Max Verstappen,Red Bull Racing,5.0,5.0,10.0,Finished,17.723776223776223,0
2024,Las Vegas,Street,Top-Speed / Low-Tire-Temp,Lando Norris,McLaren,6.0,6.0,9.0,Finished,17.723776223776223,0
2024,Las Vegas,Street,Top-Speed / Low-Tire-Temp,Oscar Piastri,McLaren,8.0,7.0,6.0,Finished,17.723776223776223,0
2024,Las Vegas,Street,Top-Speed / Low-Tire-Temp,Nico Hulkenberg,Haas,9.0,8.0,4.0,Finished,17.723776223776223,0
2024,Las Vegas,Street,Top-Speed / Low-Tire-Temp,Yuki Tsunoda,Racing Bulls,7.0,9.0,2.0,Finished,17.723776223776223,0
2024,Las Vegas,Street,Top-Speed / Low-Tire-Temp,Sergio Perez,Red Bull Racing,15.0,10.0,1.0,Finished,17.723776223776223,0
2024,Las Vegas,Street,Top-Speed / Low-Tire-Temp,Fernando Alonso,Aston Martin,16.0,11.0,0.0,Finished,17.723776223776223,0
2024,Las Vegas,Street,Top-Speed / Low-Tire-Temp,Kevin Magnussen,Haas,12.0,12.0,0.0,Finished,17.723776223776223,0
2024,Las Vegas,Street,Top-Speed / Low-Tire-Temp,Guanyu Zhou,Kick Sauber,13.0,13.0,0.0,Finished,17.723776223776223,0
2024,Las Vegas,Street,Top-Speed / Low-Tire-Temp,Franco Colapinto,Williams,20.0,14.0,0.0,Finished,17.723776223776223,0
2024,Las Vegas,Street,Top-Speed / Low-Tire-Temp,Lance Stroll,Aston Martin,18.0,15.0,0.0,Finished,17.723776223776223,0
2024,Las Vegas,Street,Top-Speed / Low-Tire-Temp,Liam Lawson,Racing Bulls,14.0,16.0,0.0,Finished,17.723776223776223,0
2024,Las Vegas,Street,Top-Speed / Low-Tire-Temp,Esteban Ocon,Alpine,11.0,17.0,0.0,Lapped,17.723776223776223,0
2024,Las Vegas,Street,Top-Speed / Low-Tire-Temp,Valtteri Bottas,Kick Sauber,19.0,18.0,0.0,Lapped,17.723776223776223,0
2024,Las Vegas,Street,Top-Speed / Low-Tire-Temp,Alexander Albon,Williams,17.0,19.0,0.0,Retired,17.723776223776223,0
2024,Las Vegas,Street,Top-Speed / Low-Tire-Temp,Pierre Gasly,Alpine,3.0,20.0,0.0,Retired,17.723776223776223,0
2024,Lusail,Permanent,High-Speed / High-G-Force,Max Verstappen,Red Bull Racing,2.0,1.0,25.0,Finished,22.773509933774836,0
2024,Lusail,Permanent,High-Speed / High-G-Force,Charles Leclerc,Ferrari,5.0,2.0,18.0,Finished,22.773509933774836,0
2024,Lusail,Permanent,High-Speed / High-G-Force,Oscar Piastri,McLaren,4.0,3.0,15.0,Finished,22.773509933774836,0
2024,Lusail,Permanent,High-Speed / High-G-Force,George Russell,Mercedes,1.0,4.0,12.0,Finished,22.773509933774836,0
2024,Lusail,Permanent,High-Speed / High-G-Force,Pierre Gasly,Alpine,11.0,5.0,10.0,Finished,22.773509933774836,0
2024,Lusail,Permanent,High-Speed / High-G-Force,Carlos Sainz,Ferrari,7.0,6.0,8.0,Finished,22.773509933774836,0
2024,Lusail,Permanent,High-Speed / High-G-Force,Fernando Alonso,Aston Martin,8.0,7.0,6.0,Finished,22.773509933774836,0
2024,Lusail,Permanent,High-Speed / High-G-Force,Guanyu Zhou,Kick Sauber,12.0,8.0,4.0,Finished,22.773509933774836,0
2024,Lusail,Permanent,High-Speed / High-G-Force,Kevin Magnussen,Haas,10.0,9.0,2.0,Finished,22.773509933774836,0
2024,Lusail,Permanent,High-Speed / High-G-Force,Lando Norris,McLaren,3.0,10.0,2.0,Finished,22.773509933774836,0
2024,Lusail,Permanent,High-Speed / High-G-Force,Valtteri Bottas,Kick Sauber,13.0,11.0,0.0,Finished,22.773509933774836,0
2024,Lusail,Permanent,High-Speed / High-G-Force,Lewis Hamilton,Mercedes,6.0,12.0,0.0,Finished,22.773509933774836,0
2024,Lusail,Permanent,High-Speed / High-G-Force,Yuki Tsunoda,Racing Bulls,14.0,13.0,0.0,Finished,22.773509933774836,0
2024,Lusail,Permanent,High-Speed / High-G-Force,Liam Lawson,Racing Bulls,17.0,14.0,0.0,Finished,22.773509933774836,0
2024,Lusail,Permanent,High-Speed / High-G-Force,Alexander Albon,Williams,16.0,15.0,0.0,Lapped,22.773509933774836,0
2024,Lusail,Permanent,High-Speed / High-G-Force,Nico Hulkenberg,Haas,18.0,16.0,0.0,Retired,22.773509933774836,0
2024,Lusail,Permanent,High-Speed / High-G-Force,Sergio Perez,Red Bull Racing,9.0,17.0,0.0,Retired,22.773509933774836,0
2024,Lusail,Permanent,High-Speed / High-G-Force,Lance Stroll,Aston Martin,15.0,18.0,0.0,Retired,22.773509933774836,0
2024,Lusail,Permanent,High-Speed / High-G-Force,Franco Colapinto,Williams,19.0,19.0,0.0,Retired,22.773509933774836,0
2024,Lusail,Permanent,High-Speed / High-G-Force,Esteban Ocon,Alpine,20.0,20.0,0.0,Retired,22.773509933774836,0
2024,Yas Marina,Permanent,Traction / Technical / Slow-Exit,Lando Norris,McLaren,1.0,1.0,25.0,Finished,31.805405405405406,0
2024,Yas Marina,Permanent,Traction / Technical / Slow-Exit,Carlos Sainz,Ferrari,3.0,2.0,18.0,Finished,31.805405405405406,0
2024,Yas Marina,Permanent,Traction / Technical / Slow-Exit,Charles Leclerc,Ferrari,19.0,3.0,15.0,Finished,31.805405405405406,0
2024,Yas Marina,Permanent,Traction / Technical / Slow-Exit,Lewis Hamilton,Mercedes,16.0,4.0,12.0,Finished,31.805405405405406,0
2024,Yas Marina,Permanent,Traction / Technical / Slow-Exit,George Russell,Mercedes,6.0,5.0,10.0,Finished,31.805405405405406,0
2024,Yas Marina,Permanent,Traction / Technical / Slow-Exit,Max Verstappen,Red Bull Racing,4.0,6.0,8.0,Finished,31.805405405405406,0
2024,Yas Marina,Permanent,Traction / Technical / Slow-Exit,Pierre Gasly,Alpine,5.0,7.0,6.0,Finished,31.805405405405406,0
2024,Yas Marina,Permanent,Traction / Technical / Slow-Exit,Nico Hulkenberg,Haas,7.0,8.0,4.0,Finished,31.805405405405406,0
2024,Yas Marina,Permanent,Traction / Technical / Slow-Exit,Fernando Alonso,Aston Martin,8.0,9.0,2.0,Finished,31.805405405405406,0
2024,Yas Marina,Permanent,Traction / Technical / Slow-Exit,Oscar Piastri,McLaren,2.0,10.0,1.0,Finished,31.805405405405406,0
2024,Yas Marina,Permanent,Traction / Technical / Slow-Exit,Alexander Albon,Williams,18.0,11.0,0.0,Lapped,31.805405405405406,0
2024,Yas Marina,Permanent,Traction / Technical / Slow-Exit,Yuki Tsunoda,Racing Bulls,11.0,12.0,0.0,Lapped,31.805405405405406,0
2024,Yas Marina,Permanent,Traction / Technical / Slow-Exit,Guanyu Zhou,Kick Sauber,15.0,13.0,0.0,Lapped,31.805405405405406,0
2024,Yas Marina,Permanent,Traction / Technical / Slow-Exit,Lance Stroll,Aston Martin,13.0,14.0,0.0,Lapped,31.805405405405406,0
2024,Yas Marina,Permanent,Traction / Technical / Slow-Exit,Jack Doohan,Alpine,17.0,15.0,0.0,Lapped,31.805405405405406,0
2024,Yas Marina,Permanent,Traction / Technical / Slow-Exit,Kevin Magnussen,Haas,14.0,16.0,0.0,Lapped,31.805405405405406,0
2024,Yas Marina,Permanent,Traction / Technical / Slow-Exit,Liam Lawson,Racing Bulls,12.0,17.0,0.0,Retired,31.805405405405406,0
2024,Yas Marina,Permanent,Traction / Technical / Slow-Exit,Valtteri Bottas,Kick Sauber,9.0,18.0,0.0,Retired,31.805405405405406,0
2024,Yas Marina,Permanent,Traction / Technical / Slow-Exit,Franco Colapinto,Williams,20.0,19.0,0.0,Retired,31.805405405405406,0
2024,Yas Marina,Permanent,Traction / Technical / Slow-Exit,Sergio Perez,Red Bull Racing,10.0,20.0,0.0,Retired,31.805405405405406,0
